Date,Open,High,Low,Close,Adj Close,Volume
12/1/1927,17.66,17.66,17.66,17.66,17.66,0
1/1/1928,17.76,17.76,17.26,17.57,17.57,0
2/1/1928,17.530001,17.629999,16.950001,17.26,17.26,0
3/1/1928,17.299999,19.280001,17.299999,19.280001,19.280001,0
4/1/1928,18.91,19.75,18.91,19.75,19.75,0
5/1/1928,19.780001,20.440001,19.360001,20,20,0
6/1/1928,20.07,20.07,18.34,19.139999,19.139999,0
7/1/1928,18.98,19.48,18.700001,19.43,19.43,0
8/1/1928,19.42,20.870001,19.129999,20.870001,20.870001,0
9/1/1928,20.969999,21.43,20.92,21.139999,21.139999,0
10/1/1928,21.360001,22,21.110001,21.68,21.68,0
11/1/1928,21.99,24.280001,21.950001,24.280001,24.280001,0
12/1/1928,23.85,24.35,22.309999,24.35,24.35,0
1/1/1929,24.809999,25.74,24.17,25.74,25.74,0
2/1/1929,25.84,25.84,24.35,25.59,25.59,0
3/1/1929,25.83,26.08,24.35,25.530001,25.530001,0
4/1/1929,24.879999,25.940001,24.629999,25.940001,25.940001,0
5/1/1929,25.99,26.370001,24.200001,24.83,24.83,0
6/1/1929,25.27,27.41,25.27,27.41,27.41,0
7/1/1929,27.77,28.879999,27.77,28.879999,28.879999,0
8/1/1929,29.08,31.709999,28.379999,31.709999,31.709999,0
9/1/1929,31.82,31.860001,30.16,30.16,30.16,0
10/1/1929,29.98,30.809999,20.43,24.15,24.15,0
11/1/1929,22.879999,22.879999,17.66,20.92,20.92,0
12/1/1929,20.950001,22.57,20.16,21.450001,21.450001,0
1/1/1930,21.18,22.790001,21.18,22.790001,22.790001,0
2/1/1930,22.74,23.360001,22.639999,23.280001,23.280001,0
3/1/1930,23.360001,24.85,23.360001,24.15,24.15,0
4/1/1930,25.370001,25.92,24.73,24.9,24.9,0
5/1/1930,24.299999,24.57,22.98,24.49,24.49,0
6/1/1930,24.4,24.4,19.389999,20.459999,20.459999,0
7/1/1930,20.24,21.82,19.83,21.209999,21.209999,0
8/1/1930,21.110001,21.52,19.879999,21.370001,21.370001,0
9/1/1930,21.379999,21.860001,18.59,18.59,18.59,0
10/1/1930,19.42,19.42,16.9,16.940001,16.940001,0
11/1/1930,17.129999,17.200001,15.54,16.379999,16.379999,0
12/1/1930,16.799999,16.959999,14.44,15.34,15.34,0
1/1/1931,15.85,16.42,15.09,16.190001,16.190001,0
2/1/1931,16.16,18.17,16.16,18.030001,18.030001,0
3/1/1931,17.52,18.059999,16.66,16.690001,16.690001,0
4/1/1931,16.52,16.719999,14.37,15.09,15.09,0
5/1/1931,14.65,15.44,13.02,13.02,13.02,0
6/1/1931,12.4,15.35,12.2,14.83,14.83,0
7/1/1931,15.07,15.26,13.73,13.73,13.73,0
8/1/1931,13.93,14.29,13.55,13.86,13.86,0
9/1/1931,13.92,13.92,9.71,9.71,9.71,0
10/1/1931,9.53,10.96,8.82,10.43,10.43,0
11/1/1931,10.5,11.52,9.31,9.5,9.5,0
12/1/1931,9.38,9.38,7.72,8.12,8.12,0
1/1/1932,7.56,8.92,7.55,7.94,7.94,0
2/1/1932,8.23,8.84,7.5,8.29,8.29,0
3/1/1932,8.35,8.98,7.31,7.31,7.31,0
4/1/1932,7.18,7.18,5.83,5.83,5.83,0
5/1/1932,5.74,6.09,4.47,4.47,4.47,0
6/1/1932,4.4,5.12,4.4,4.43,4.43,0
7/1/1932,4.6,6.03,4.41,6.03,6.03,0
8/1/1932,6.11,8.58,5.87,8.39,8.39,0
9/1/1932,8.47,9.31,7.34,8.08,8.08,0
10/1/1932,8.06,8.06,6.42,6.96,6.96,0
11/1/1932,6.76,7.68,6.48,6.55,6.55,0
12/1/1932,6.73,7.12,6.47,6.92,6.92,0
1/1/1933,6.83,7.34,6.83,6.94,6.94,0
2/1/1933,6.67,6.76,5.53,5.66,5.66,0
3/1/1933,5.77,6.93,5.65,5.85,5.85,0
4/1/1933,5.87,7.91,5.87,7.83,7.83,0
5/1/1933,8.43,9.78,8.34,9.64,9.64,0
6/1/1933,9.74,10.98,9.74,10.91,10.91,0
7/1/1933,11.62,12.2,9.65,9.95,9.95,0
8/1/1933,10.25,11.28,10.05,11.09,11.09,0
9/1/1933,11.23,11.23,9.65,9.72,9.72,0
10/1/1933,9.62,10.32,8.61,8.96,8.96,0
11/1/1933,9.12,10.23,9.12,9.88,9.88,0
12/1/1933,9.91,10.31,9.55,9.97,9.97,0
1/1/1934,10.11,11.33,9.76,11.17,11.17,0
2/1/1934,11.46,11.82,10.69,10.76,10.76,0
3/1/1934,10.72,11.07,10.42,10.62,10.62,0
4/1/1934,10.76,11.16,10.46,10.46,10.46,0
5/1/1934,10.46,10.46,9.45,9.61,9.61,0
6/1/1934,9.38,10.37,9.38,9.81,9.81,0
7/1/1934,9.69,9.99,8.36,8.68,8.68,0
8/1/1934,8.95,9.52,8.69,9.15,9.15,0
9/1/1934,9.06,9.21,8.45,9.08,9.08,0
10/1/1934,8.83,9.19,8.76,8.81,8.81,0
11/1/1934,8.77,9.54,8.77,9.54,9.54,0
12/1/1934,9.41,9.56,9.02,9.5,9.5,0
1/1/1935,9.51,9.58,8.96,9.1,9.1,0
2/1/1935,9.05,9.34,8.74,8.74,8.74,0
3/1/1935,8.79,8.79,8.06,8.45,8.45,0
4/1/1935,8.54,9.44,8.22,9.28,9.28,0
5/1/1935,9.23,10.07,9.15,9.58,9.58,0
6/1/1935,9.67,10.47,9.67,10.24,10.24,0
7/1/1935,10.28,11.08,10.28,11.08,11.08,0
8/1/1935,11.04,11.67,10.62,11.24,11.24,0
9/1/1935,11.21,11.92,11.21,11.59,11.59,0
10/1/1935,11.48,12.46,11.1,12.46,12.46,0
11/1/1935,12.61,13.46,12.61,12.94,12.94,0
12/1/1935,12.75,13.43,12.75,13.43,13.43,0
1/1/1936,13.4,14.31,13.4,14.31,14.31,0
2/1/1936,14.44,14.87,14.32,14.6,14.6,0
3/1/1936,14.77,15.1,14.24,14.92,14.92,0
4/1/1936,15.19,15.51,13.53,13.77,13.77,0
5/1/1936,13.87,14.45,13.82,14.4,14.4,0
6/1/1936,14.39,15.16,14.12,14.84,14.84,0
7/1/1936,14.9,16.15,14.81,15.85,15.85,0
8/1/1936,15.91,16.200001,15.32,15.99,15.99,0
9/1/1936,15.95,16.290001,15,16.01,16.01,0
10/1/1936,16.040001,17.23,16.040001,17.23,17.23,0
11/1/1936,17.17,17.690001,16.889999,17.280001,17.280001,0
12/1/1936,17.139999,17.32,16.65,17.18,17.18,0
1/1/1937,16.93,17.959999,16.93,17.77,17.77,0
2/1/1937,17.879999,18.370001,17.860001,18.059999,18.059999,0
3/1/1937,18.09,18.67,17.219999,17.92,17.92,0
4/1/1937,17.709999,17.709999,15.99,16.43,16.43,0
5/1/1937,16.469999,16.73,15.62,16.26,16.26,0
6/1/1937,15.96,16.280001,15.12,15.4,15.4,0
7/1/1937,15.47,17.059999,15.47,16.77,16.77,0
8/1/1937,17.07,17.27,15.88,16.040001,16.040001,0
9/1/1937,15.61,15.61,13.2,13.76,13.76,0
10/1/1937,13.72,13.72,10.76,12.35,12.35,0
11/1/1937,12.08,12.08,10.17,11.11,11.11,0
12/1/1937,10.97,11.42,10.31,10.55,10.55,0
1/1/1938,10.52,11.95,10.52,10.69,10.69,0
2/1/1938,10.89,11.68,10.34,11.34,11.34,0
3/1/1938,11.46,11.46,8.5,8.5,8.5,0
4/1/1938,8.91,10.45,8.91,9.78,9.78,0
5/1/1938,9.59,10.63,9.27,9.27,9.27,0
6/1/1938,9.57,11.72,9.42,11.56,11.56,0
7/1/1938,11.91,12.8,11.73,12.33,12.33,0
8/1/1938,12.25,12.73,11.85,12.06,12.06,0
9/1/1938,11.92,12.41,10.99,12.24,12.24,0
10/1/1938,12.52,13.91,12.48,13.17,13.17,0
11/1/1938,13.1,13.79,12.37,12.73,12.73,0
12/1/1938,12.61,13.14,12.32,13.14,13.14,0
1/1/1939,13.08,13.23,11.53,12.3,12.3,0
2/1/1939,12.12,12.7,12.12,12.7,12.7,0
3/1/1939,12.7,13.1,10.98,10.98,10.98,0
4/1/1939,11.26,11.26,10.42,10.93,10.93,0
5/1/1939,10.86,11.65,10.86,11.6,11.6,0
6/1/1939,11.42,11.8,10.79,10.86,10.86,0
7/1/1939,11,12.18,11,12.04,12.04,0
8/1/1939,12.04,12.16,10.86,11.18,11.18,0
9/1/1939,11.3,13.17,11.3,12.79,12.79,0
10/1/1939,12.88,13.21,12.73,12.83,12.83,0
11/1/1939,12.82,12.95,12.2,12.2,12.2,0
12/1/1939,12.29,12.46,12.19,12.46,12.46,0
1/1/1940,12.63,12.77,12.05,12.05,12.05,0
2/1/1940,12.05,12.37,12.04,12.13,12.13,0
3/1/1940,12.06,12.27,12,12.18,12.18,0
4/1/1940,12.21,12.59,12.04,12.19,12.19,0
5/1/1940,12.03,12.12,9.14,9.27,9.27,0
6/1/1940,9.11,10.1,8.99,9.98,9.98,0
7/1/1940,9.87,10.33,9.85,10.29,10.29,0
8/1/1940,10.26,10.5,9.84,10.5,10.5,0
9/1/1940,10.56,10.93,10.3,10.66,10.66,0
10/1/1940,10.81,11.08,10.47,11.08,11.08,0
11/1/1940,11.08,11.39,10.56,10.57,10.57,0
12/1/1940,10.62,10.69,10.38,10.58,10.58,0
1/1/1941,10.48,10.86,10.04,10.07,10.07,0
2/1/1941,9.96,10.19,9.53,9.92,9.92,0
3/1/1941,9.77,10.1,9.76,9.96,9.96,0
4/1/1941,9.97,10.16,9.31,9.31,9.31,0
5/1/1941,9.3,9.56,9.3,9.38,9.38,0
6/1/1941,9.36,9.95,9.36,9.85,9.85,0
7/1/1941,9.82,10.47,9.82,10.39,10.39,0
8/1/1941,10.34,10.36,10.03,10.28,10.28,0
9/1/1941,10.34,10.47,10.09,10.2,10.2,0
10/1/1941,10.17,10.17,9.5,9.5,9.5,0
11/1/1941,9.59,9.66,9.12,9.12,9.12,0
12/1/1941,9.07,9.38,8.37,8.69,8.69,0
1/1/1942,8.89,9.09,8.81,8.85,8.85,0
2/1/1942,8.84,8.97,8.46,8.59,8.59,0
3/1/1942,8.47,8.6,7.98,8.01,8.01,0
4/1/1942,8.05,8.2,7.47,7.66,7.66,0
5/1/1942,7.71,8.18,7.71,8.15,8.15,0
6/1/1942,8.19,8.53,8.18,8.3,8.3,0
7/1/1942,8.23,8.83,8.23,8.56,8.56,0
8/1/1942,8.57,8.73,8.46,8.62,8.62,0
9/1/1942,8.62,8.9,8.54,8.85,8.85,0
10/1/1942,8.92,9.48,8.92,9.36,9.36,0
11/1/1942,9.48,9.69,9.29,9.29,9.29,0
12/1/1942,9.28,9.77,9.28,9.77,9.77,0
1/1/1943,9.92,10.44,9.89,10.44,10.44,0
2/1/1943,10.52,10.97,10.43,10.97,10.97,0
3/1/1943,10.92,11.59,10.84,11.58,11.58,0
4/1/1943,11.59,11.76,11.14,11.59,11.59,0
5/1/1943,11.82,12.05,11.7,12.05,12.05,0
6/1/1943,12.18,12.35,11.88,12.35,12.35,0
7/1/1943,12.36,12.64,11.85,11.85,11.85,0
8/1/1943,11.47,11.92,11.47,11.8,11.8,0
9/1/1943,11.84,12.24,11.78,12.08,12.08,0
10/1/1943,12.09,12.09,11.67,11.91,11.91,0
11/1/1943,11.92,11.92,10.99,11.02,11.02,0
12/1/1943,11.13,11.69,11.13,11.67,11.67,0
1/1/1944,11.66,11.94,11.66,11.85,11.85,0
2/1/1944,11.83,11.89,11.56,11.82,11.82,0
3/1/1944,11.87,12.31,11.87,12.02,12.02,0
4/1/1944,11.96,12.06,11.67,11.87,11.87,0
5/1/1944,11.96,12.35,11.95,12.35,12.35,0
6/1/1944,12.31,13.02,12.23,12.98,12.98,0
7/1/1944,13.11,13.27,12.7,12.71,12.71,0
8/1/1944,12.78,13.04,12.61,12.82,12.82,0
9/1/1944,12.86,12.86,12.35,12.74,12.74,0
10/1/1944,12.8,13.07,12.73,12.78,12.78,0
11/1/1944,12.83,12.98,12.67,12.83,12.83,0
12/1/1944,12.8,13.28,12.8,13.28,13.28,0
1/1/1945,13.33,13.69,13.21,13.47,13.47,0
2/1/1945,13.5,14.3,13.5,14.3,14.3,0
3/1/1945,14.32,14.38,13.39,13.61,13.61,0
4/1/1945,13.77,14.84,13.67,14.84,14.84,0
5/1/1945,14.79,15.11,14.62,15.01,15.01,0
6/1/1945,15.03,15.37,14.87,14.87,14.87,0
7/1/1945,15.03,15.1,14.38,14.66,14.66,0
8/1/1945,14.68,15.51,14.4,15.51,15.51,0
9/1/1945,15.51,16.049999,15.51,16.049999,16.049999,0
10/1/1945,16.33,16.719999,16.299999,16.65,16.65,0
11/1/1945,16.870001,17.27,16.85,17.190001,17.190001,0
12/1/1945,17.440001,17.68,16.940001,17.360001,17.360001,0
1/1/1946,17.25,18.67,17.23,18.57,18.57,0
2/1/1946,18.639999,18.700001,16.809999,17.280001,17.280001,0
3/1/1946,17.209999,18.07,17.09,18.040001,18.040001,0
4/1/1946,18.059999,18.9,18.059999,18.76,18.76,0
5/1/1946,18.709999,19.25,18.26,19.18,19.18,0
6/1/1946,19.049999,19.049999,18.030001,18.43,18.43,0
7/1/1946,18.540001,18.540001,17.389999,17.959999,17.959999,0
8/1/1946,18.01,18.23,16.65,16.65,16.65,0
9/1/1946,15,15.99,14.33,14.96,14.96,0
10/1/1946,14.92,15.3,14.12,14.84,14.84,0
11/1/1946,15.07,15.33,14.13,14.68,14.68,0
12/1/1946,14.44,15.5,14.44,15.3,15.3,0
1/1/1947,15.2,15.66,14.77,15.66,15.66,0
2/1/1947,15.8,16.139999,15.3,15.43,15.43,0
3/1/1947,15.41,15.65,14.78,15.17,15.17,0
4/1/1947,15.23,15.23,14.09,14.58,14.58,0
5/1/1947,14.69,14.85,13.77,14.45,14.45,0
6/1/1947,14.3,15.24,14.3,15.21,15.21,0
7/1/1947,15.46,16.120001,15.44,15.76,15.76,0
8/1/1947,15.8,15.8,15.22,15.32,15.32,0
9/1/1947,15.37,15.37,14.85,15.11,15.11,0
10/1/1947,15.16,15.79,15.16,15.43,15.43,0
11/1/1947,15.46,15.46,14.98,14.98,14.98,0
12/1/1947,15.07,15.3,14.63,15.3,15.3,0
1/1/1948,15.34,15.34,14.32,14.68,14.68,0
2/1/1948,14.71,14.71,13.85,13.93,13.93,0
3/1/1948,14.07,15.08,13.84,15.08,15.08,0
4/1/1948,15.12,15.78,15.12,15.48,15.48,0
5/1/1948,15.6,16.690001,15.5,16.690001,16.690001,0
6/1/1948,16.74,17.059999,16.540001,16.74,16.74,0
7/1/1948,16.700001,16.92,15.72,15.85,15.85,0
8/1/1948,15.85,16.15,15.67,15.97,15.97,0
9/1/1948,16.16,16.35,15.19,15.49,15.49,0
10/1/1948,15.67,16.610001,15.67,16.5,16.5,0
11/1/1948,16.700001,16.700001,14.75,14.75,14.75,0
12/1/1948,15.01,15.33,15,15.2,15.2,0
1/1/1949,14.95,15.61,14.95,15.22,15.22,0
2/1/1949,15.34,15.35,14.38,14.62,14.62,0
3/1/1949,14.71,15.22,14.65,15.06,15.06,0
4/1/1949,14.94,15.07,14.68,14.71,14.71,0
5/1/1949,14.78,15.02,14.19,14.19,14.19,0
6/1/1949,14.14,14.16,13.55,14.16,14.16,0
7/1/1949,14.26,15.06,14.26,15.04,15.04,0
8/1/1949,15.12,15.51,15.12,15.22,15.22,0
9/1/1949,15.31,15.74,15.19,15.58,15.58,0
10/1/1949,15.6,16.15,15.6,16.040001,16.040001,0
11/1/1949,16.200001,16.33,15.75,16.059999,16.059999,0
12/1/1949,16.15,16.790001,16.15,16.790001,16.790001,0
1/1/1950,16.66,17.09,16.65,17.049999,17.049999,42570000
2/1/1950,17.049999,17.35,16.99,17.219999,17.219999,33430000
3/1/1950,17.24,17.610001,17.07,17.290001,17.290001,40410000
4/1/1950,17.34,18.07,17.34,18.07,18.07,48250000
5/1/1950,18.219999,18.780001,18.110001,18.780001,18.780001,45080000
6/1/1950,18.77,19.4,17.440001,17.690001,17.690001,45660000
7/1/1950,17.639999,17.91,16.68,17.84,17.84,44570000
8/1/1950,18.02,18.82,17.950001,18.42,18.42,38900000
9/1/1950,18.549999,19.450001,18.540001,19.450001,19.450001,38590000
10/1/1950,19.690001,20.16,19.530001,19.530001,19.530001,48360000
11/1/1950,19.559999,20.32,19.360001,19.51,19.51,43180000
12/1/1950,19.66,20.43,19,20.41,20.41,60830000
1/1/1951,20.77,21.74,20.690001,21.66,21.66,70180000
2/1/1951,21.77,22.209999,21.76,21.799999,21.799999,41210000
3/1/1951,21.85,21.950001,21.25,21.4,21.4,35530000
4/1/1951,21.32,22.43,21.26,22.43,22.43,37790000
5/1/1951,22.530001,22.809999,21.030001,21.52,21.52,38440000
6/1/1951,21.48,22.049999,20.959999,20.959999,20.959999,36220000
7/1/1951,21.1,22.629999,21.1,22.4,22.4,27990000
8/1/1951,22.51,23.280001,22.51,23.280001,23.280001,33630000
9/1/1951,23.280001,23.709999,23.26,23.26,23.26,36420000
10/1/1951,23.469999,23.85,22.450001,22.940001,22.940001,42930000
11/1/1951,23.1,23.1,22.299999,22.879999,22.879999,29280000
12/1/1951,22.940001,23.77,22.940001,23.77,23.77,34610000
1/1/1952,23.799999,24.66,23.74,24.139999,24.139999,41560000
2/1/1952,24.299999,24.41,23.09,23.26,23.26,27190000
3/1/1952,23.280001,24.370001,23.280001,24.370001,24.370001,29500000
4/1/1952,24.18,24.18,23.32,23.32,23.32,28880000
5/1/1952,23.17,23.940001,23.17,23.860001,23.860001,24010000
6/1/1952,23.799999,24.959999,23.780001,24.959999,24.959999,25530000
7/1/1952,25.120001,25.4,24.809999,25.4,25.4,24100000
8/1/1952,25.450001,25.549999,24.83,25.030001,25.030001,20890000
9/1/1952,25.15,25.25,24.450001,24.540001,24.540001,24100000
10/1/1952,24.48,24.58,23.799999,24.52,24.52,25940000
11/1/1952,24.6,25.66,24.6,25.66,25.66,30210000
12/1/1952,25.68,26.59,25.610001,26.57,26.57,40480000
1/1/1953,26.540001,26.66,25.860001,26.379999,26.379999,34060000
2/1/1953,26.51,26.540001,25.48,25.9,25.9,30170000
3/1/1953,25.93,26.33,25.290001,25.290001,25.290001,42510000
4/1/1953,25.25,25.25,24.190001,24.620001,24.620001,34370000
5/1/1953,24.73,25.059999,24.459999,24.540001,24.540001,25730000
6/1/1953,24.15,24.219999,23.540001,24.139999,24.139999,26080000
7/1/1953,24.24,24.75,24.07,24.75,24.75,22240000
8/1/1953,24.84,24.84,23.32,23.32,23.32,23890000
9/1/1953,23.42,23.65,22.709999,23.35,23.35,27150000
10/1/1953,23.49,24.58,23.389999,24.540001,24.540001,25710000
11/1/1953,24.66,24.76,24.25,24.76,24.76,26640000
12/1/1953,24.780001,24.99,24.549999,24.809999,24.809999,36150000
1/1/1954,24.950001,26.09,24.799999,26.08,26.08,33420000
2/1/1954,25.99,26.299999,25.809999,26.15,26.15,33260000
3/1/1954,26.25,26.940001,26.25,26.940001,26.940001,44050000
4/1/1954,27.17,28.26,27.01,28.26,28.26,43500000
5/1/1954,28.209999,29.190001,28.209999,29.190001,29.190001,41900000
6/1/1954,29.190001,29.43,28.15,29.209999,29.209999,42230000
7/1/1954,29.209999,30.879999,29.209999,30.879999,30.879999,51840000
8/1/1954,30.99,31.209999,29.83,29.83,29.83,56900000
9/1/1954,30.040001,32.689999,30.040001,32.310001,32.310001,41220000
10/1/1954,32.290001,32.759998,31.68,31.68,31.68,44170000
11/1/1954,31.790001,34.549999,31.790001,34.240002,34.240002,63010000
12/1/1954,33.990002,35.98,33.990002,35.98,35.98,76480000
1/1/1955,36.75,36.75,34.580002,36.630001,36.630001,74650000
2/1/1955,36.720001,37.150002,36.439999,36.759998,36.759998,60810000
3/1/1955,36.830002,37.52,34.959999,36.580002,36.580002,65780000
4/1/1955,36.950001,38.32,36.830002,37.959999,37.959999,53790000
5/1/1955,38.040001,38.040001,36.970001,37.91,37.91,45450000
6/1/1955,37.959999,41.029999,37.959999,41.029999,41.029999,58120000
7/1/1955,41.189999,43.759998,41.189999,43.52,43.52,48470000
8/1/1955,42.93,43.18,41.740002,43.18,43.18,41800000
9/1/1955,43.369999,45.630001,42.610001,43.669998,43.669998,60080000
10/1/1955,42.490002,42.990002,40.799999,42.34,42.34,42150000
11/1/1955,42.279999,46.41,42.279999,45.509998,45.509998,46360000
12/1/1955,45.349998,45.889999,44.950001,45.48,45.48,50990000
1/1/1956,45.16,45.16,43.110001,43.82,43.82,47160000
2/1/1956,44.029999,45.43,43.419998,45.34,45.34,46370000
3/1/1956,45.540001,48.869999,45.540001,48.48,48.48,60310000
4/1/1956,48.700001,48.849998,47.09,48.380001,48.380001,54100000
5/1/1956,48.16,48.509998,44.099998,45.200001,45.200001,53210000
6/1/1956,45.580002,47.130001,45.139999,46.970001,46.970001,37180000
7/1/1956,46.93,49.48,46.93,49.389999,49.389999,45650000
8/1/1956,49.619999,49.639999,46.939999,47.509998,47.509998,44450000
9/1/1956,47.889999,48.099998,45.349998,45.349998,45.349998,37220000
10/1/1956,44.700001,47,44.700001,45.580002,45.580002,40300000
11/1/1956,46.52,47.599998,44.380001,45.080002,45.080002,43550000
12/1/1956,45.98,47.040001,45.84,46.669998,46.669998,46330000
1/1/1957,46.200001,46.66,44.400002,44.720001,44.720001,48140000
2/1/1957,44.619999,44.619999,42.389999,43.259998,43.259998,37530000
3/1/1957,43.740002,44.23,43.740002,44.110001,44.110001,35620000
4/1/1957,44.139999,45.740002,44.139999,45.740002,45.740002,48290000
5/1/1957,46.02,47.43,46.02,47.43,47.43,52560000
6/1/1957,47.369999,48.240002,46.779999,47.369999,47.369999,43470000
7/1/1957,47.43,49.130001,47.43,47.91,47.91,48230000
8/1/1957,47.790001,47.790001,43.889999,45.220001,45.220001,41390000
9/1/1957,45.439999,45.439999,42.419998,42.419998,42.419998,36890000
10/1/1957,42.759998,43.139999,38.98,41.060001,41.060001,63960000
11/1/1957,40.439999,41.720001,39.439999,41.720001,41.720001,48200000
12/1/1957,41.360001,41.540001,39.380001,39.990002,39.990002,54440000
1/1/1958,40.330002,41.880001,40.330002,41.700001,41.700001,49830000
2/1/1958,42.040001,42.459999,40.610001,40.84,40.84,40190000
3/1/1958,41.130001,42.580002,41.130001,42.099998,42.099998,46680000
4/1/1958,41.93,43.439999,41.330002,43.439999,43.439999,50270000
5/1/1958,43.540001,44.09,43.119999,44.09,44.09,54100000
6/1/1958,44.310001,45.34,44.310001,45.240002,45.240002,56610000
7/1/1958,45.279999,47.189999,45.110001,47.189999,47.189999,69430000
8/1/1958,47.490002,48.16,47.220001,47.75,47.75,62300000
9/1/1958,48,50.060001,47.970001,50.060001,50.060001,71940000
10/1/1958,49.98,51.619999,49.98,51.330002,51.330002,95020000
11/1/1958,51.560001,53.240002,51.02,52.48,52.48,74350000
12/1/1958,52.689999,55.209999,52.459999,55.209999,55.209999,75940000
1/1/1959,55.439999,56.040001,54.889999,55.450001,55.450001,83240000
2/1/1959,55.209999,55.52,53.580002,55.41,55.41,65790000
3/1/1959,55.73,56.669998,55.439999,55.439999,55.439999,82430000
4/1/1959,55.689999,58.169998,55.689999,57.59,57.59,75840000
5/1/1959,57.650002,58.68,56.880001,58.68,58.68,70950000
6/1/1959,58.630001,58.630001,56.360001,58.470001,58.470001,64310000
7/1/1959,58.970001,60.619999,58.91,60.509998,60.509998,70900000
8/1/1959,60.709999,60.709999,58.27,59.599998,59.599998,51050000
9/1/1959,58.869999,58.919998,55.139999,56.880001,56.880001,57500000
10/1/1959,56.939999,57.52,56,57.52,57.52,61330000
11/1/1959,57.41,58.279999,56.220001,58.279999,58.279999,64500000
12/1/1959,58.700001,59.889999,58.599998,59.889999,59.889999,72210000
1/1/1960,59.91,60.389999,55.610001,55.610001,55.610001,63920000
2/1/1960,55.959999,56.82,54.73,56.119999,56.119999,60500000
3/1/1960,56.009998,56.009998,53.470001,55.34,55.34,65710000
4/1/1960,55.43,56.59,54.369999,54.369999,54.369999,57300000
5/1/1960,54.130001,55.830002,54.130001,55.830002,55.830002,68790000
6/1/1960,55.889999,58,55.889999,56.919998,56.919998,76480000
7/1/1960,57.060001,57.380001,54.169998,55.509998,55.509998,53860000
8/1/1960,55.529999,58.07,54.720001,56.959999,56.959999,65330000
9/1/1960,57.09,57.09,52.48,53.52,53.52,60840000
10/1/1960,53.360001,54.860001,52.200001,53.389999,53.389999,54370000
11/1/1960,53.939999,56.43,53.939999,55.540001,55.540001,62010000
12/1/1960,55.299999,58.110001,55.299999,58.110001,58.110001,77330000
1/1/1961,57.57,61.970001,57.57,61.779999,61.779999,89010000
2/1/1961,61.900002,63.439999,61.139999,63.439999,63.439999,92730000
3/1/1961,63.43,65.059998,63.380001,65.059998,65.059998,115050000
4/1/1961,65.599998,68.68,64.400002,65.309998,65.309998,101760000
5/1/1961,65.169998,67.389999,65.169998,66.559998,66.559998,96940000
6/1/1961,66.559998,67.080002,64.470001,64.639999,64.639999,73090000
7/1/1961,65.209999,66.760002,64.410004,66.760002,66.760002,60840000
8/1/1961,67.370003,68.440002,66.940002,68.07,68.07,81490000
9/1/1961,68.190002,68.459999,65.769997,66.730003,66.730003,63820000
10/1/1961,66.769997,68.620003,66.730003,68.620003,68.620003,72980000
11/1/1961,68.730003,71.849998,68.730003,71.32,71.32,87770000
12/1/1961,71.779999,72.639999,70.860001,71.550003,71.550003,82380000
1/1/1962,71.550003,71.959999,67.550003,68.839996,68.839996,80790000
2/1/1962,68.839996,71.129997,68.559998,69.959999,69.959999,66130000
3/1/1962,69.959999,71.440002,69.160004,69.550003,69.550003,68440000
4/1/1962,69.550003,69.82,64.949997,65.239998,65.239998,65240000
5/1/1962,65.239998,66.93,53.130001,59.630001,59.630001,111030000
6/1/1962,59.630001,59.959999,51.349998,54.75,54.75,100160000
7/1/1962,54.75,58.669998,54.470001,58.23,58.23,74160000
8/1/1962,58.23,60.330002,56.759998,59.119999,59.119999,80400000
9/1/1962,59.119999,59.540001,55.529999,56.27,56.27,62890000
10/1/1962,56.27,57.830002,52.549999,56.52,56.52,78690000
11/1/1962,56.52,62.779999,55.900002,62.259998,62.259998,96020000
12/1/1962,62.259998,63.5,61.279999,63.099998,63.099998,80870000
1/1/1963,63.099998,66.589996,62.32,66.199997,66.199997,101970000
2/1/1963,66.309998,66.959999,64.080002,64.290001,64.290001,79120000
3/1/1963,64.290001,67.010002,63.799999,66.57,66.57,74760000
4/1/1963,66.57,70.18,66.230003,69.800003,69.800003,106290000
5/1/1963,69.800003,71.139999,69.029999,70.800003,70.800003,105070000
6/1/1963,70.800003,71.239998,68.779999,69.370003,69.370003,90580000
7/1/1963,69.370003,70.480003,67.540001,69.129997,69.129997,76310000
8/1/1963,69.129997,72.709999,68.639999,72.5,72.5,91650000
9/1/1963,72.5,73.870003,71.279999,71.699997,71.699997,106620000
10/1/1963,71.699997,75.18,71.57,74.010002,74.010002,122360000
11/1/1963,74.010002,74.440002,69.480003,73.230003,73.230003,93990000
12/1/1963,73.230003,75.360001,73.019997,75.019997,75.019997,98660000
1/1/1964,75.019997,77.779999,74.82,77.040001,77.040001,116620000
2/1/1964,77.040001,78.309998,76.360001,77.800003,77.800003,88110000
3/1/1964,77.800003,79.889999,77.5,78.980003,78.980003,113760000
4/1/1964,78.980003,81.199997,78.669998,79.459999,79.459999,123490000
5/1/1964,79.459999,81.809998,79.459999,80.370003,80.370003,99150000
6/1/1964,80.370003,82.099998,78.150002,81.690002,81.690002,96150000
7/1/1964,81.690002,84.330002,81.459999,83.18,83.18,102590000
8/1/1964,83.18,83.489998,80.800003,81.830002,81.830002,82280000
9/1/1964,81.830002,84.800003,81.57,84.18,84.18,109770000
10/1/1964,84.18,85.699997,83.650002,84.860001,84.860001,106550000
11/1/1964,84.860001,86.800003,84.099998,84.419998,84.419998,93640000
12/1/1964,84.419998,85.18,82.650002,84.75,84.75,104010000
1/1/1965,84.75,88.190002,83.769997,87.559998,87.559998,109130000
2/1/1965,87.559998,88.059998,85.25,87.43,87.43,112280000
3/1/1965,87.43,87.93,85.650002,86.160004,86.160004,124830000
4/1/1965,86.160004,89.639999,85.870003,89.110001,89.110001,119120000
5/1/1965,89.110001,90.68,87.239998,88.419998,88.419998,110190000
6/1/1965,88.419998,88.800003,80.730003,84.120003,84.120003,128160000
7/1/1965,84.120003,86.470001,83.300003,85.25,85.25,85150000
8/1/1965,85.25,87.790001,84.800003,87.169998,87.169998,109070000
9/1/1965,87.169998,91.129997,86.690002,89.959999,89.959999,155180000
10/1/1965,89.959999,93.190002,89.300003,92.419998,92.419998,164090000
11/1/1965,92.419998,93.300003,90.809998,91.610001,91.610001,147110000
12/1/1965,91.610001,93.07,89.199997,92.43,92.43,191050000
1/1/1966,92.43,94.639999,91.629997,92.879997,92.879997,182910000
2/1/1966,92.879997,94.720001,90.43,91.220001,91.220001,165790000
3/1/1966,91.220001,91.650002,86.690002,89.230003,89.230003,191360000
4/1/1966,89.230003,93.019997,88.959999,91.059998,91.059998,186160000
5/1/1966,91.059998,91.75,83.18,86.129997,86.129997,171290000
6/1/1966,86.129997,87.739998,83.75,84.739998,84.739998,140450000
7/1/1966,84.739998,88.190002,83.050003,83.599998,83.599998,119810000
8/1/1966,83.5,84.699997,73.910004,77.099998,77.099998,162430000
9/1/1966,77.099998,80.809998,75.029999,76.559998,76.559998,120030000
10/1/1966,76.559998,80.910004,72.279999,80.199997,80.199997,146210000
11/1/1966,80.199997,83.010002,78.889999,80.449997,80.449997,145780000
12/1/1966,80.449997,83.879997,79.489998,80.330002,80.330002,165070000
1/1/1967,80.330002,88.169998,79.43,86.610001,86.610001,207410000
2/1/1967,86.610001,89,85.610001,86.779999,86.779999,182950000
3/1/1967,86.779999,91.720001,86.669998,90.199997,90.199997,224640000
4/1/1967,90.199997,94.769997,87.860001,94.010002,94.010002,187650000
5/1/1967,94.010002,95.25,88.709999,89.080002,89.080002,218420000
6/1/1967,89.080002,93.279999,87.190002,90.639999,90.639999,212590000
7/1/1967,90.639999,95.510002,90.120003,94.75,94.75,216730000
8/1/1967,94.75,96.669998,92.010002,93.639999,93.639999,207800000
9/1/1967,93.639999,98.309998,93,96.709999,96.709999,204960000
10/1/1967,96.709999,98.25,93.290001,93.300003,93.300003,224780000
11/1/1967,93.300003,95.510002,90.089996,94,94,211430000
12/1/1967,94,96.900002,93.410004,96.470001,96.470001,229460000
1/1/1968,96.470001,97.839996,91.269997,92.239998,92.239998,262770000
2/1/1968,92.239998,93.440002,86.730003,89.360001,89.360001,174380000
3/1/1968,89.360001,91.089996,86.989998,90.199997,90.199997,192610000
4/1/1968,91.110001,98.610001,91.110001,97.459999,97.459999,295420000
5/1/1968,97.459999,100.190002,95.800003,98.68,98.68,291980000
6/1/1968,98.720001,102.839996,98.720001,99.580002,99.580002,257290000
7/1/1968,99.580002,103.669998,96.839996,97.739998,97.739998,242450000
8/1/1968,97.739998,99.669998,95.790001,98.860001,98.860001,193970000
9/1/1968,98.860001,103.629997,98.309998,102.669998,102.669998,228300000
10/1/1968,102.669998,105.779999,101.800003,103.410004,103.410004,272200000
11/1/1968,103.410004,109.089996,101.849998,108.370003,108.370003,251850000
12/1/1968,108.370003,109.370003,102.980003,103.860001,103.860001,267480000
1/1/1969,103.860001,104.870003,96.629997,103.010002,103.010002,266600000
2/1/1969,103.010002,104.610001,97.360001,98.129997,98.129997,207490000
3/1/1969,98.129997,102.349998,97.059998,101.510002,101.510002,199110000
4/1/1969,101.510002,104.559998,99.080002,103.690002,103.690002,236930000
5/1/1969,103.690002,106.739998,102.290001,103.459999,103.459999,256580000
6/1/1969,103.459999,103.75,95.209999,97.709999,97.709999,235130000
7/1/1969,97.709999,100.330002,88.040001,91.830002,91.830002,228250000
8/1/1969,91.919998,96.43,91.480003,95.510002,95.510002,201680000
9/1/1969,95.510002,96.620003,91.769997,93.120003,93.120003,219150000
10/1/1969,93.120003,98.830002,91.660004,97.120003,97.120003,310110000
11/1/1969,97.120003,99.230003,92.239998,93.809998,93.809998,213600000
12/1/1969,93.809998,94.470001,88.620003,92.059998,92.059998,272350000
1/1/1970,92.059998,94.25,84.419998,85.019997,85.019997,221090000
2/1/1970,85.019997,90.330002,84.639999,89.5,89.5,228380000
3/1/1970,89.5,91.07,86.190002,89.629997,89.629997,212880000
4/1/1970,89.629997,90.699997,79.309998,81.519997,81.519997,223120000
5/1/1970,81.519997,82.32,68.610001,76.550003,76.550003,258220000
6/1/1970,76.550003,79.959999,72.25,72.720001,72.720001,226420000
7/1/1970,72.720001,79.029999,70.690002,78.050003,78.050003,227740000
8/1/1970,78.050003,82.470001,74.129997,81.519997,81.519997,218690000
9/1/1970,81.519997,84.989998,79.949997,84.300003,84.300003,303290000
10/1/1970,84.300003,87.75,82.290001,83.25,83.25,261370000
11/1/1970,83.25,87.599998,82.230003,87.199997,87.199997,230290000
12/1/1970,87.199997,92.989998,86.110001,92.150002,92.150002,335240000
1/1/1971,92.150002,96.489998,90.639999,95.879997,95.879997,348490000
2/1/1971,95.879997,99.589996,94.919998,96.75,96.75,371190000
3/1/1971,96.75,102.029999,96.110001,100.309998,100.309998,389880000
4/1/1971,100.309998,105.599998,99.629997,103.949997,103.949997,401580000
5/1/1971,103.949997,104.419998,98.68,99.629997,99.629997,307360000
6/1/1971,99.629997,102.07,96.919998,98.699997,98.699997,303590000
7/1/1971,99.160004,101.519997,95.080002,95.580002,95.580002,265240000
8/1/1971,95.580002,101.510002,92.809998,99.029999,99.029999,320520000
9/1/1971,99.029999,102.25,96.970001,98.339996,98.339996,252720000
10/1/1971,98.339996,100.959999,92.959999,94.230003,94.230003,280080000
11/1/1971,94.230003,96.080002,89.339996,93.989998,93.989998,276410000
12/1/1971,93.989998,102.209999,93.949997,102.089996,102.089996,377680000
1/1/1972,102.089996,105,100.870003,103.940002,103.940002,379490000
2/1/1972,103.940002,107.160004,103.099998,106.57,106.57,376260000
3/1/1972,106.57,109.75,105.860001,107.199997,107.199997,403650000
4/1/1972,107.199997,111.110001,106.18,107.669998,107.669998,367990000
5/1/1972,107.669998,111.480003,103.830002,109.529999,109.529999,335850000
6/1/1972,109.529999,110.510002,105.940002,107.139999,107.139999,314510000
7/1/1972,107.139999,110.269997,104.43,107.389999,107.389999,288900000
8/1/1972,107.389999,113.449997,107.059998,111.089996,111.089996,356930000
9/1/1972,111.089996,112.120003,107.349998,110.550003,110.550003,246190000
10/1/1972,110.550003,112.260002,106.269997,111.580002,111.580002,317300000
11/1/1972,111.580002,117.910004,111.32,116.669998,116.669998,405570000
12/1/1972,116.669998,119.790001,114.629997,118.050003,118.050003,344730000
1/1/1973,118.059998,121.739998,114.970001,116.029999,116.029999,393750000
2/1/1973,116.029999,118.980003,109.800003,111.68,111.68,318190000
3/1/1973,111.68,115.610001,107.410004,111.519997,111.519997,343400000
4/1/1973,111.519997,113.650002,105.440002,106.970001,106.970001,277990000
5/1/1973,106.970001,112.25,101.360001,104.949997,104.949997,337260000
6/1/1973,104.949997,109.519997,101.449997,104.260002,104.260002,268700000
7/1/1973,104.099998,111.040001,100.440002,108.220001,108.220001,307780000
8/1/1973,108.169998,108.169998,99.739998,104.25,104.25,274460000
9/1/1973,104.25,110.449997,102.129997,108.43,108.43,329070000
10/1/1973,108.43,112.82,107.080002,108.290001,108.290001,422900000
11/1/1973,108.290001,109.199997,94.879997,95.959999,95.959999,399900000
12/1/1973,95.830002,99.089996,91.050003,97.550003,97.550003,384380000
1/1/1974,97.550003,100.940002,91.620003,96.57,96.57,363150000
2/1/1974,96.57,97.43,89.529999,96.220001,96.220001,256810000
3/1/1974,96.220001,101.050003,93.440002,93.980003,93.980003,309600000
4/1/1974,93.980003,95.419998,88.620003,90.309998,90.309998,254270000
5/1/1974,90.309998,93.589996,85.870003,87.279999,87.279999,275150000
6/1/1974,87.279999,93.760002,85.129997,86,86,245340000
7/1/1974,86,86.889999,78.959999,79.309998,79.309998,274090000
8/1/1974,79.309998,83.529999,69.370003,72.150002,72.150002,280100000
9/1/1974,72.150002,73.010002,62.52,63.540001,63.540001,280050000
10/1/1974,63.540001,75.900002,60.959999,73.900002,73.900002,377100000
11/1/1974,73.900002,77.410004,66.849998,69.970001,69.970001,286790000
12/1/1974,69.800003,69.800003,64.129997,68.559998,68.559998,315150000
1/1/1975,68.650002,78.690002,68.650002,76.980003,76.980003,432550000
2/1/1975,76.980003,83.559998,76,81.589996,81.589996,423640000
3/1/1975,81.589996,87.080002,80.080002,83.360001,83.360001,453610000
4/1/1975,83.360001,88.790001,79.660004,87.300003,87.300003,451350000
5/1/1975,87.300003,93.510002,86.940002,91.150002,91.150002,457490000
6/1/1975,91.32,95.849998,89.300003,95.190002,95.190002,447000000
7/1/1975,95.190002,96.580002,87.68,88.75,88.75,441680000
8/1/1975,88.75,89.040001,82.209999,86.879997,86.879997,281470000
9/1/1975,86.879997,87.419998,81.57,83.870003,83.870003,275120000
10/1/1975,83.870003,91.75,82.57,89.040001,89.040001,365540000
11/1/1975,89.040001,92.330002,87.629997,91.239998,91.239998,318810000
12/1/1975,91.239998,91.900002,86.150002,90.190002,90.190002,348970000
1/1/1976,90.190002,101.989998,89.809998,100.860001,100.860001,635830000
2/1/1976,100.860001,103.07,98.5,99.709999,99.709999,596130000
3/1/1976,99.709999,104.389999,98.230003,102.769997,102.769997,529600000
4/1/1976,102.769997,104.629997,99.57,101.639999,101.639999,392260000
5/1/1976,101.639999,103.989998,98.260002,100.18,100.18,355910000
6/1/1976,100.18,105.07,97.970001,104.279999,104.279999,417230000
7/1/1976,104.279999,106.779999,102.309998,103.440002,103.440002,393760000
8/1/1976,103.440002,105.410004,100.43,102.910004,102.910004,346680000
9/1/1976,102.910004,108.720001,102.599998,105.239998,105.239998,414750000
10/1/1976,105.239998,105.75,99.209999,102.900002,102.900002,361390000
11/1/1976,102.900002,103.779999,98.18,102.099998,102.099998,381020000
12/1/1976,102.099998,107.82,101.620003,107.459999,107.459999,534550000
1/1/1977,107.459999,107.970001,100.910004,102.029999,102.029999,501620000
2/1/1977,102.029999,103.32,98.82,99.82,99.82,398440000
3/1/1977,99.82,102.699997,97.800003,98.419998,98.419998,434690000
4/1/1977,98.419998,102.07,96.529999,98.440002,98.440002,403060000
5/1/1977,98.440002,100.93,95.519997,96.120003,96.120003,425820000
6/1/1977,96.120003,101.650002,95.889999,100.480003,100.480003,485150000
7/1/1977,100.480003,102.57,97.709999,98.849998,98.849998,452480000
8/1/1977,98.849998,99.839996,95.040001,96.769997,96.769997,433650000
9/1/1977,96.769997,98.43,94.440002,96.529999,96.529999,383670000
10/1/1977,96.529999,97.269997,90.199997,92.339996,92.339996,413470000
11/1/1977,92.190002,97.110001,90.010002,94.830002,94.830002,494680000
12/1/1977,94.830002,95.669998,91.760002,95.099998,95.099998,450970000
1/1/1978,95.099998,95.150002,88.019997,89.25,89.25,428140000
2/1/1978,89.25,91.32,86.580002,87.040001,87.040001,368600000
3/1/1978,87.040001,91.349998,86.449997,89.209999,89.209999,497580000
4/1/1978,89.199997,97.910004,88.07,96.830002,96.830002,695600000
5/1/1978,96.830002,100.32,94.57,97.239998,97.239998,775750000
6/1/1978,97.239998,101.839996,93.989998,95.529999,95.529999,666290000
7/1/1978,95.529999,101.18,93.589996,100.68,100.68,541490000
8/1/1978,100.68,106.269997,99.949997,103.290001,103.290001,864950000
9/1/1978,103.290001,108.050003,100.660004,102.540001,102.540001,672290000
10/1/1978,102.540001,106.230003,91.650002,93.150002,93.150002,682340000
11/1/1978,94.129997,97.410004,91.769997,94.699997,94.699997,514610000
12/1/1978,95.010002,98.580002,92.639999,96.110001,96.110001,492440000
1/1/1979,96.110001,102.589996,95.220001,99.93,99.93,615730000
2/1/1979,99.93,100.519997,95.379997,96.279999,96.279999,475710000
3/1/1979,96.279999,103.309998,95.980003,101.589996,101.589996,649800000
4/1/1979,101.559998,103.949997,100.139999,101.760002,101.760002,620650000
5/1/1979,101.760002,102.57,97.489998,99.080002,99.080002,623740000
6/1/1979,99.080002,103.669998,98.57,102.910004,102.910004,735710000
7/1/1979,102.910004,105.169998,100.349998,103.809998,103.809998,680740000
8/1/1979,103.809998,109.839996,103.139999,109.32,109.32,825050000
9/1/1979,109.32,111.580002,105.379997,109.32,109.32,713940000
10/1/1979,109.190002,112.160004,99.059998,101.82,101.82,857930000
11/1/1979,101.82,107.889999,99.419998,106.160004,106.160004,653650000
12/1/1979,106.160004,110.330002,105.07,107.940002,107.940002,710210000
1/1/1980,107.940002,117.169998,103.260002,114.160004,114.160004,1158240000
2/1/1980,114.160004,120.220001,111.330002,113.660004,113.660004,956530000
3/1/1980,113.660004,114.339996,94.230003,102.089996,102.089996,876450000
4/1/1980,102.089996,106.790001,98.949997,106.290001,106.290001,674140000
5/1/1980,106.290001,112.720001,103.5,111.239998,111.239998,764920000
6/1/1980,111.239998,117.980003,109.769997,114.239998,114.239998,829660000
7/1/1980,114.239998,123.93,113.540001,121.669998,121.669998,1021770000
8/1/1980,121.669998,127.779999,119.419998,122.379997,122.379997,965660000
9/1/1980,122.379997,132.169998,121.790001,125.459999,125.459999,1057710000
10/1/1980,125.459999,135.880005,124.660004,127.470001,127.470001,1031790000
11/1/1980,127.470001,141.960007,127.230003,140.520004,140.520004,988110000
12/1/1980,140.520004,140.660004,125.32,135.759995,135.759995,1025650000
1/1/1981,135.759995,140.320007,128.570007,129.550003,129.550003,955520000
2/1/1981,129.479996,132.020004,124.660004,131.270004,131.270004,816310000
3/1/1981,131.270004,138.380005,128.559998,136,136,1174530000
4/1/1981,136,137.720001,131.580002,132.809998,132.809998,1123470000
5/1/1981,132.809998,134.919998,128.779999,132.589996,132.589996,905430000
6/1/1981,132.589996,135.669998,128.770004,131.210007,131.210007,1100970000
7/1/1981,131.210007,131.779999,125.959999,130.919998,130.919998,953970000
8/1/1981,130.919998,135.179993,122.290001,122.790001,122.790001,920550000
9/1/1981,122.790001,124.580002,110.190002,116.18,116.18,959140000
10/1/1981,116.18,123.279999,115,121.889999,121.889999,997560000
11/1/1981,122.349998,126.970001,119.129997,126.349998,126.349998,987920000
12/1/1981,126.349998,127.32,121.040001,122.550003,122.550003,959470000
1/1/1982,122.550003,123.720001,113.629997,120.400002,120.400002,968340000
2/1/1982,119.809998,119.809998,110.029999,113.110001,113.110001,972190000
3/1/1982,113.110001,114.800003,104.459999,111.959999,111.959999,1268690000
4/1/1982,111.959999,119.330002,111.480003,116.440002,116.440002,1136490000
5/1/1982,115.959999,119.919998,111.660004,111.879997,111.879997,1026460000
6/1/1982,111.970001,112.480003,107.010002,109.610001,109.610001,1110530000
7/1/1982,109.519997,112.389999,105.57,107.089996,107.089996,1145190000
8/1/1982,107.709999,120.260002,102.199997,119.510002,119.510002,1672770000
9/1/1982,119.519997,126.43,117.839996,120.419998,120.419998,1548040000
10/1/1982,120.400002,140.399994,120.150002,133.720001,133.720001,2068560000
11/1/1982,133.720001,144.360001,132.889999,138.529999,138.529999,1857040000
12/1/1982,138.559998,143.679993,134.789993,140.639999,140.639999,1682080000
1/1/1983,140.649994,148.360001,138.080002,145.300003,145.300003,1857600000
2/1/1983,145.289993,150.880005,141.899994,148.059998,148.059998,1615450000
3/1/1983,148.070007,155.020004,148.070007,152.960007,152.960007,1901920000
4/1/1983,152.919998,164.429993,150.169998,164.429993,164.429993,1786870000
5/1/1983,164.410004,166.990005,160.289993,162.389999,162.389999,1953130000
6/1/1983,162.380005,171.600006,160.800003,167.639999,167.639999,1973860000
7/1/1983,168.110001,170.720001,161.5,162.559998,162.559998,1590170000
8/1/1983,162.339996,165.910004,158.5,164.399994,164.399994,1706430000
9/1/1983,164.399994,170.410004,163.949997,166.070007,166.070007,1739810000
10/1/1983,165.990005,172.649994,162.860001,163.550003,163.550003,1794620000
11/1/1983,163.550003,168.070007,161.630005,166.399994,166.399994,1814610000
12/1/1983,166.369995,166.770004,161.580002,164.929993,164.929993,1848860000
1/1/1984,164.929993,169.539993,162.029999,163.410004,163.410004,2215660000
2/1/1984,163.410004,164,152.130005,157.059998,157.059998,1932810000
3/1/1984,157.059998,160.460007,153.770004,159.179993,159.179993,1854920000
4/1/1984,159.179993,160.690002,154.119995,160.050003,160.050003,1717530000
5/1/1984,160.050003,162.110001,148.679993,150.550003,150.550003,1939550000
6/1/1984,150.550003,155.639999,148.529999,153.179993,153.179993,1812870000
7/1/1984,153.160004,153.869995,147.259995,150.660004,150.660004,1662200000
8/1/1984,150.660004,168.800003,150.660004,166.679993,166.679993,2526920000
9/1/1984,166.679993,169.649994,163.059998,166.100006,166.100006,1768660000
10/1/1984,166.100006,169.619995,160.020004,166.089996,166.089996,2110230000
11/1/1984,166.089996,170.410004,162.990005,163.580002,163.580002,1757280000
12/1/1984,163.580002,169.029999,161.539993,167.240005,167.240005,1781000000
1/1/1985,167.199997,180.270004,163.360001,179.630005,179.630005,2673710000
2/1/1985,179.630005,183.949997,177.75,181.179993,181.179993,2194620000
3/1/1985,181.179993,183.889999,176.529999,180.660004,180.660004,2153090000
4/1/1985,180.660004,183.610001,177.860001,179.830002,179.830002,1981880000
5/1/1985,179.830002,189.979996,178.350006,189.550003,189.550003,2350340000
6/1/1985,189.550003,191.850006,185.029999,191.850006,191.850006,2117000000
7/1/1985,191.850006,196.070007,189.300003,190.919998,190.919998,2463070000
8/1/1985,190.919998,192.169998,186.100006,188.630005,188.630005,1923200000
9/1/1985,188.630005,188.800003,179.449997,182.080002,182.080002,1860160000
10/1/1985,182.059998,190.149994,181.160004,189.820007,189.820007,2543240000
11/1/1985,189.820007,203.399994,189.369995,202.169998,202.169998,2445370000
12/1/1985,202.169998,213.080002,200.100006,211.279999,211.279999,2804380000
1/1/1986,211.279999,214.570007,202.600006,211.779999,211.779999,2879010000
2/1/1986,211.779999,227.919998,210.820007,226.919998,226.919998,2899100000
3/1/1986,226.919998,240.110001,222.179993,238.899994,238.899994,3214600000
4/1/1986,238.899994,245.470001,226.300003,235.520004,235.520004,3240400000
5/1/1986,235.520004,249.190002,232.259995,247.350006,247.350006,2680240000
6/1/1986,246.039993,251.809998,238.229996,250.839996,250.839996,2649600000
7/1/1986,250.669998,253.199997,233.070007,236.119995,236.119995,3029900000
8/1/1986,236.119995,254.240005,231.919998,252.929993,252.929993,2701900000
9/1/1986,252.929993,254.130005,228.080002,231.320007,231.320007,3166300000
10/1/1986,231.320007,244.509995,231.320007,243.979996,243.979996,3016740000
11/1/1986,243.970001,249.220001,235.509995,249.220001,249.220001,2940830000
12/1/1986,249.220001,254.869995,241.279999,242.169998,242.169998,3260870000
1/1/1987,242.169998,280.959991,242.169998,274.079987,274.079987,4040880000
2/1/1987,274.079987,287.549988,273.160004,284.200012,284.200012,3485300000
3/1/1987,284.170013,302.720001,282.299988,291.700012,291.700012,3965100000
4/1/1987,291.589996,303.649994,275.670013,288.359985,288.359985,3931700000
5/1/1987,286.98999,298.690002,277.01001,290.100006,290.100006,3417700000
6/1/1987,290.119995,310.269989,286.929993,304,304,3595000000
7/1/1987,303.98999,318.850006,302.529999,318.660004,318.660004,3966400000
8/1/1987,318.619995,337.890015,314.51001,329.799988,329.799988,4062400000
9/1/1987,329.809998,332.179993,308.559998,321.829987,321.829987,3723200000
10/1/1987,321.829987,328.940002,216.460007,251.789993,251.789993,6094500000
11/1/1987,251.729996,257.209991,225.75,230.300003,230.300003,3589530000
12/1/1987,230.320007,253.350006,221.240005,247.080002,247.080002,3926750000
1/1/1988,247.100006,261.779999,240.169998,257.070007,257.070007,3494700000
2/1/1988,257.049988,267.820007,247.820007,267.820007,267.820007,3693240000
3/1/1988,267.820007,272.640015,256.070007,258.890015,258.890015,4052970000
4/1/1988,258.890015,272.049988,254.710007,261.329987,261.329987,3260760000
5/1/1988,261.359985,263.700012,248.850006,262.160004,262.160004,3231370000
6/1/1988,262.160004,276.880005,262.100006,273.5,273.5,4306710000
7/1/1988,273.5,276.359985,262.480011,272.019989,272.019989,3338470000
8/1/1988,272.029999,274.200012,256.529999,261.519989,261.519989,3327470000
9/1/1988,261.519989,274.869995,256.980011,271.910004,271.910004,3059450000
10/1/1988,271.890015,283.950012,268.839996,278.970001,278.970001,3415160000
11/1/1988,278.970001,280.369995,262.850006,273.700012,273.700012,2822820000
12/1/1988,273.679993,280.450012,270.470001,277.720001,277.720001,2844900000
1/1/1989,277.720001,297.51001,273.809998,297.470001,297.470001,3532220000
2/1/1989,297.470001,300.570007,286.26001,288.859985,288.859985,3216280000
3/1/1989,288.859985,299.98999,286.459991,294.869995,294.869995,3504530000
4/1/1989,294.869995,310.450012,294.350006,309.640015,309.640015,3237250000
5/1/1989,309.640015,323.059998,304.059998,320.519989,320.519989,3747320000
6/1/1989,320.51001,329.190002,314.380005,317.980011,317.980011,3966590000
7/1/1989,317.980011,346.079987,317.26001,346.079987,346.079987,3249030000
8/1/1989,346.079987,352.730011,339,351.450012,351.450012,3949100000
9/1/1989,351.450012,354.130005,341.369995,349.149994,349.149994,3035020000
10/1/1989,349.149994,360.440002,327.119995,340.359985,340.359985,4012670000
11/1/1989,340.359985,346.5,330.910004,345.98999,345.98999,3032160000
12/1/1989,346.01001,354.100006,339.630005,353.399994,353.399994,3213420000
1/1/1990,353.399994,360.589996,319.829987,329.079987,329.079987,3793250000
2/1/1990,329.079987,336.089996,322.100006,331.890015,331.890015,2961970000
3/1/1990,331.890015,344.48999,331.079987,339.940002,339.940002,3283280000
4/1/1990,339.940002,347.299988,327.76001,330.799988,330.799988,2801220000
5/1/1990,330.799988,362.26001,330.799988,361.230011,361.230011,3596680000
6/1/1990,361.26001,368.779999,351.230011,358.019989,358.019989,3226280000
7/1/1990,358.019989,369.779999,350.089996,356.149994,356.149994,3373540000
8/1/1990,356.149994,357.350006,306.179993,322.559998,322.559998,4020730000
9/1/1990,322.559998,326.529999,295.980011,306.049988,306.049988,2687280000
10/1/1990,306.100006,319.690002,294.51001,304,304,3671900000
11/1/1990,303.98999,323.019989,301.609985,322.220001,322.220001,3149770000
12/1/1990,322.230011,333.980011,321.970001,330.220001,330.220001,3116830000
1/1/1991,330.200012,343.929993,309.350006,343.929993,343.929993,3660240000
2/1/1991,343.910004,370.959991,340.369995,367.070007,367.070007,4303170000
3/1/1991,367.070007,379.660004,363.730011,375.220001,375.220001,3927920000
4/1/1991,375.220001,391.26001,370.269989,375.339996,375.339996,4017200000
5/1/1991,375.350006,389.850006,365.829987,389.829987,389.829987,3739700000
6/1/1991,389.809998,389.809998,367.980011,371.160004,371.160004,3258730000
7/1/1991,371.179993,387.809998,370.920013,387.809998,387.809998,3481570000
8/1/1991,387.809998,396.820007,374.089996,395.429993,395.429993,3713820000
9/1/1991,395.429993,397.619995,382.769989,387.859985,387.859985,3260990000
10/1/1991,387.859985,393.809998,376.109985,392.450012,392.450012,4082380000
11/1/1991,392.459991,398.220001,371.630005,375.220001,375.220001,3737620000
12/1/1991,375.109985,418.320007,371.359985,417.089996,417.089996,4155310000
1/1/1992,417.029999,421.179993,408.640015,408.779999,408.779999,5286280000
2/1/1992,408.790009,418.079987,406.339996,412.700012,412.700012,4267610000
3/1/1992,412.679993,413.779999,401.940002,403.690002,403.690002,4066240000
4/1/1992,403.670013,416.279999,392.410004,414.950012,414.950012,4315840000
5/1/1992,414.950012,418.75,409.850006,415.350006,415.350006,3643980000
6/1/1992,415.350006,417.299988,399.920013,408.140015,408.140015,4259830000
7/1/1992,408.200012,424.799988,407.200012,424.209991,424.209991,4265220000
8/1/1992,424.190002,425.140015,408.299988,414.029999,414.029999,3653820000
9/1/1992,414.029999,425.269989,412.709991,417.799988,417.799988,4023850000
10/1/1992,417.799988,421.160004,396.799988,418.679993,418.679993,4507010000
11/1/1992,418.660004,431.929993,415.579987,431.350006,431.350006,4148770000
12/1/1992,431.350006,442.649994,428.609985,435.709991,435.709991,4876150000
1/1/1993,435.700012,442.660004,426.880005,438.779999,438.779999,5280850000
2/1/1993,438.779999,450.040009,428.25,443.380005,443.380005,5442450000
3/1/1993,443.380005,456.76001,441.070007,451.670013,451.670013,5766950000
4/1/1993,451.670013,452.630005,432.299988,440.190002,440.190002,5853170000
5/1/1993,440.190002,454.549988,436.859985,450.190002,450.190002,5108640000
6/1/1993,450.230011,455.630005,442.5,450.529999,450.529999,5544400000
7/1/1993,450.540009,451.149994,441.399994,448.130005,448.130005,5308530000
8/1/1993,448.130005,463.559998,446.940002,463.559998,463.559998,5506200000
9/1/1993,463.549988,463.799988,449.640015,458.929993,458.929993,5552720000
10/1/1993,458.929993,471.100006,456.399994,467.829987,467.829987,5940460000
11/1/1993,467.829987,469.109985,454.359985,461.790009,461.790009,5876610000
12/1/1993,461.929993,471.290009,461.450012,466.450012,466.450012,5791210000
1/1/1994,466.51001,482.850006,464.359985,481.609985,481.609985,6627390000
2/1/1994,481.600006,482.230011,464.26001,467.140015,467.140015,5853100000
3/1/1994,467.190002,471.089996,436.160004,445.769989,445.769989,7225010000
4/1/1994,445.660004,452.790009,435.859985,450.910004,450.910004,5735010000
5/1/1994,450.910004,457.769989,440.779999,456.5,456.5,5675970000
6/1/1994,456.5,463.230011,439.829987,444.269989,444.269989,5852670000
7/1/1994,444.269989,459.329987,443.579987,458.26001,458.26001,4980100000
8/1/1994,458.279999,477.589996,456.079987,475.48999,475.48999,6398750000
9/1/1994,475.48999,475.48999,458.470001,462.709991,462.709991,6152870000
10/1/1994,462.690002,474.73999,449.269989,472.350006,472.350006,6344700000
11/1/1994,472.26001,472.26001,444.179993,453.690002,453.690002,6251240000
12/1/1994,453.549988,462.730011,442.880005,459.269989,459.269989,6351530000
1/1/1995,459.209991,471.359985,457.200012,470.420013,470.420013,6852060000
2/1/1995,470.420013,489.190002,469.290009,487.390015,487.390015,6330100000
3/1/1995,487.390015,508.149994,479.700012,500.709991,500.709991,7792400000
4/1/1995,500.700012,515.289978,500.200012,514.710022,514.710022,6307030000
5/1/1995,514.76001,533.409973,513.030029,533.400024,533.400024,7555690000
6/1/1995,533.400024,551.070007,526,544.75,544.75,7555650000
7/1/1995,544.75,565.400024,542.51001,562.059998,562.059998,7307960000
8/1/1995,562.059998,565.619995,553.039978,561.880005,561.880005,7146620000
9/1/1995,561.880005,587.609985,561.01001,584.409973,584.409973,7052830000
10/1/1995,584.409973,590.659973,571.549988,581.5,581.5,8043320000
11/1/1995,581.5,608.690002,581.039978,605.369995,605.369995,7602150000
12/1/1995,605.369995,622.880005,605.049988,615.929993,615.929993,7697540000
1/1/1996,615.929993,636.179993,597.289978,636.02002,636.02002,9188050000
2/1/1996,636.02002,664.22998,633.710022,640.429993,640.429993,8749960000
3/1/1996,640.429993,656.969971,627.630005,645.5,645.5,8984200000
4/1/1996,645.5,656.679993,624.140015,654.169983,654.169983,8875580000
5/1/1996,654.169983,681.099976,630.070007,669.119995,669.119995,8921140000
6/1/1996,669.119995,680.320007,658.75,670.630005,670.630005,7930840000
7/1/1996,670.630005,675.880005,605.880005,639.950012,639.950012,8849860000
8/1/1996,639.950012,670.679993,639.48999,651.98999,651.98999,7380320000
9/1/1996,651.98999,690.880005,643.969971,687.330017,687.330017,8064070000
10/1/1996,687.309998,714.099976,684.440002,705.27002,705.27002,9703670000
11/1/1996,705.27002,762.119995,701.299988,757.02002,757.02002,8763850000
12/1/1996,757.02002,761.75,716.690002,740.73999,740.73999,9089170000
1/1/1997,740.73999,794.669983,729.549988,786.159973,786.159973,11635830000
2/1/1997,786.159973,817.679993,773.429993,790.820007,790.820007,9715930000
3/1/1997,790.820007,814.900024,756.130005,757.119995,757.119995,10120760000
4/1/1997,757.119995,804.130005,733.539978,801.340027,801.340027,10454880000
5/1/1997,801.340027,851.869995,793.210022,848.280029,848.280029,10106650000
6/1/1997,848.280029,902.090027,838.820007,885.140015,885.140015,10857950000
7/1/1997,885.140015,957.72998,884.539978,954.309998,954.309998,11958120000
8/1/1997,954.289978,964.169983,893.340027,899.469971,899.469971,10606100000
9/1/1997,899.469971,960.590027,899.469971,947.280029,947.280029,11383000000
10/1/1997,947.280029,983.119995,855.27002,914.619995,914.619995,14017260000
11/1/1997,914.619995,964.549988,900.609985,955.400024,955.400024,10173620000
12/1/1997,955.400024,986.25,924.919983,970.429993,970.429993,11958880000
1/1/1998,970.429993,992.650024,912.830017,980.280029,980.280029,12733830000
2/1/1998,980.280029,1051.660034,980.280029,1049.339966,1049.339966,11656550000
3/1/1998,1049.339966,1113.069946,1030.869995,1101.75,1101.75,13719590000
4/1/1998,1101.75,1132.97998,1076.699951,1111.75,1111.75,13656060000
5/1/1998,1111.75,1130.52002,1074.390015,1090.819946,1090.819946,11477140000
6/1/1998,1090.819946,1145.150024,1074.670044,1133.839966,1133.839966,13551970000
7/1/1998,1133.839966,1190.579956,1114.300049,1120.670044,1120.670044,14194800000
8/1/1998,1120.670044,1121.790039,957.280029,957.280029,957.280029,15071550000
9/1/1998,957.280029,1066.109985,939.97998,1017.01001,1017.01001,16714080000
10/1/1998,1017.01001,1103.780029,923.320007,1098.670044,1098.670044,18001650000
11/1/1998,1098.670044,1192.969971,1098.670044,1163.630005,1163.630005,13451280000
12/1/1998,1163.630005,1244.930054,1136.890015,1229.22998,1229.22998,15181450000
1/1/1999,1229.22998,1280.369995,1205.459961,1279.640015,1279.640015,16213500000
2/1/1999,1279.640015,1283.839966,1211.890015,1238.329956,1238.329956,14555860000
3/1/1999,1238.329956,1323.819946,1216.030029,1286.369995,1286.369995,18002500000
4/1/1999,1286.369995,1371.560059,1282.560059,1335.180054,1335.180054,18523200000
5/1/1999,1335.180054,1375.97998,1277.310059,1301.839966,1301.839966,15880260000
6/1/1999,1301.839966,1372.930054,1277.469971,1372.709961,1372.709961,16079170000
7/1/1999,1372.709961,1420.329956,1328.48999,1328.719971,1328.719971,15332930000
8/1/1999,1328.719971,1382.839966,1267.72998,1320.410034,1320.410034,15818550000
9/1/1999,1320.410034,1361.390015,1256.26001,1282.709961,1282.709961,16438700000
10/1/1999,1282.709961,1373.170044,1233.699951,1362.930054,1362.930054,18832000000
11/1/1999,1362.930054,1425.310059,1346.410034,1388.910034,1388.910034,18384820000
12/1/1999,1388.910034,1473.099976,1387.380005,1469.25,1469.25,19640690000
1/1/2000,1469.25,1478,1350.140015,1394.459961,1394.459961,21494400000
2/1/2000,1394.459961,1444.550049,1325.069946,1366.420044,1366.420044,20912000000
3/1/2000,1366.420044,1552.869995,1346.619995,1498.579956,1498.579956,26156200000
4/1/2000,1498.579956,1527.189941,1339.400024,1452.430054,1452.430054,20106460000
5/1/2000,1452.430054,1481.51001,1361.089966,1420.599976,1420.599976,19898300000
6/1/2000,1420.599976,1488.930054,1420.599976,1454.599976,1454.599976,21738300000
7/1/2000,1454.599976,1517.319946,1413.890015,1430.829956,1430.829956,19089100000
8/1/2000,1430.829956,1525.209961,1425.430054,1517.680054,1517.680054,20363700000
9/1/2000,1517.680054,1530.089966,1419.439941,1436.51001,1436.51001,20838300000
10/1/2000,1436.52002,1454.819946,1305.790039,1429.400024,1429.400024,25951400000
11/1/2000,1429.400024,1438.459961,1294.900024,1314.949951,1314.949951,20532300000
12/1/2000,1314.949951,1389.050049,1254.069946,1320.280029,1320.280029,23610800000
1/1/2001,1320.280029,1383.369995,1274.619995,1366.01001,1366.01001,27829800000
2/1/2001,1366.01001,1376.380005,1215.439941,1239.939941,1239.939941,21644400000
3/1/2001,1239.939941,1267.420044,1081.189941,1160.329956,1160.329956,27806610000
4/1/2001,1160.329956,1269.300049,1091.98999,1249.459961,1249.459961,25409990000
5/1/2001,1249.459961,1315.930054,1232,1255.819946,1255.819946,24525900000
6/1/2001,1255.819946,1286.619995,1203.030029,1224.380005,1224.380005,24748030000
7/1/2001,1224.420044,1239.780029,1165.540039,1211.22998,1211.22998,23793710000
8/1/2001,1211.22998,1226.27002,1124.869995,1133.579956,1133.579956,23359200000
9/1/2001,1133.579956,1155.400024,944.75,1040.939941,1040.939941,25025290000
10/1/2001,1040.939941,1110.609985,1026.76001,1059.780029,1059.780029,29951280000
11/1/2001,1059.780029,1163.380005,1054.310059,1139.449951,1139.449951,26330000000
12/1/2001,1139.449951,1173.619995,1114.530029,1148.079956,1148.079956,25128570000
1/1/2002,1148.079956,1176.969971,1081.660034,1130.199951,1130.199951,29746200000
2/1/2002,1130.199951,1130.199951,1074.359985,1106.72998,1106.72998,26047600000
3/1/2002,1106.72998,1173.939941,1106.72998,1147.390015,1147.390015,26563200000
4/1/2002,1147.390015,1147.839966,1063.459961,1076.920044,1076.920044,28568900000
5/1/2002,1076.920044,1106.589966,1048.959961,1067.140015,1067.140015,26905500000
6/1/2002,1067.140015,1070.73999,952.919983,989.820007,989.820007,29981510000
7/1/2002,989.820007,994.460022,775.679993,911.619995,911.619995,42228720000
8/1/2002,911.619995,965,833.440002,916.070007,916.070007,29298400000
9/1/2002,916.070007,924.02002,800.200012,815.280029,815.280029,27723710000
10/1/2002,815.280029,907.440002,768.630005,885.76001,885.76001,37856310000
11/1/2002,885.76001,941.820007,872.049988,936.309998,936.309998,29200960000
12/1/2002,936.309998,954.280029,869.450012,879.820007,879.820007,25993640000
1/1/2003,879.820007,935.049988,840.340027,855.700012,855.700012,30749580000
2/1/2003,855.700012,864.640015,806.289978,841.150024,841.150024,25235300000
3/1/2003,841.150024,895.900024,788.900024,848.179993,848.179993,30080030000
4/1/2003,848.179993,924.23999,847.849976,916.919983,916.919983,29669610000
5/1/2003,916.919983,965.380005,902.830017,963.590027,963.590027,30952100000
6/1/2003,963.590027,1015.330017,963.590027,974.5,974.5,31219400000
7/1/2003,974.5,1015.409973,962.099976,990.309998,990.309998,31553200000
8/1/2003,990.309998,1011.01001,960.840027,1008.01001,1008.01001,24881470000
9/1/2003,1008.01001,1040.290039,990.359985,995.969971,995.969971,29940110000
10/1/2003,995.969971,1053.790039,995.969971,1050.709961,1050.709961,32298500000
11/1/2003,1050.709961,1063.650024,1031.199951,1058.199951,1058.199951,24463220000
12/1/2003,1058.199951,1112.560059,1053.410034,1111.920044,1111.920044,27839130000
1/1/2004,1111.920044,1155.380005,1105.079956,1131.130005,1131.130005,32820000000
2/1/2004,1131.130005,1158.97998,1124.439941,1144.939941,1144.939941,27985600000
3/1/2004,1144.939941,1163.22998,1087.160034,1126.209961,1126.209961,33597900000
4/1/2004,1126.209961,1150.569946,1107.22998,1107.300049,1107.300049,31611900000
5/1/2004,1107.300049,1127.73999,1076.319946,1120.680054,1120.680054,29326400000
6/1/2004,1120.680054,1146.339966,1113.319946,1140.839966,1140.839966,27529500000
7/1/2004,1140.839966,1140.839966,1078.780029,1101.719971,1101.719971,29285600000
8/1/2004,1101.719971,1109.680054,1060.719971,1104.23999,1104.23999,26586800000
9/1/2004,1104.23999,1131.540039,1099.180054,1114.579956,1114.579956,26829870000
10/1/2004,1114.579956,1142.050049,1090.290039,1130.199951,1130.199951,31511000000
11/1/2004,1130.199951,1188.459961,1127.599976,1173.819946,1173.819946,30460280000
12/1/2004,1173.780029,1217.329956,1173.780029,1211.920044,1211.920044,31102500000
1/1/2005,1211.920044,1217.800049,1163.75,1181.27002,1181.27002,31498800000
2/1/2005,1181.27002,1212.439941,1180.949951,1203.599976,1203.599976,29297410000
3/1/2005,1203.599976,1229.109985,1163.689941,1180.589966,1180.589966,39014150000
4/1/2005,1180.589966,1191.880005,1136.150024,1156.849976,1156.849976,43424270000
5/1/2005,1156.849976,1199.560059,1146.180054,1191.5,1191.5,39321990000
6/1/2005,1191.5,1219.589966,1188.300049,1191.329956,1191.329956,40334040000
7/1/2005,1191.329956,1245.150024,1183.550049,1234.180054,1234.180054,37464670000
8/1/2005,1234.180054,1245.859985,1201.069946,1220.329956,1220.329956,42030090000
9/1/2005,1220.329956,1243.130005,1205.349976,1228.810059,1228.810059,44777510000
10/1/2005,1228.810059,1233.339966,1168.199951,1207.01001,1207.01001,49793790000
11/1/2005,1207.01001,1270.640015,1201.069946,1249.47998,1249.47998,45102870000
12/1/2005,1249.47998,1275.800049,1246.589966,1248.290039,1248.290039,41756130000
1/1/2006,1248.290039,1294.900024,1245.73999,1280.079956,1280.079956,49211650000
2/1/2006,1280.079956,1297.569946,1253.609985,1280.660034,1280.660034,42859940000
3/1/2006,1280.660034,1310.880005,1268.420044,1294.869995,1294.869995,50905040000
4/1/2006,1302.880005,1318.160034,1280.73999,1310.609985,1310.609985,43308430000
5/1/2006,1310.609985,1326.699951,1245.339966,1270.089966,1270.089966,54312830000
6/1/2006,1270.050049,1290.680054,1219.290039,1270.199951,1270.199951,54873260000
7/1/2006,1270.060059,1280.420044,1224.540039,1276.660034,1276.660034,46348220000
8/1/2006,1278.530029,1306.73999,1261.300049,1303.819946,1303.819946,50485620000
9/1/2006,1303.800049,1340.280029,1290.930054,1335.849976,1335.849976,49001440000
10/1/2006,1335.819946,1389.449951,1327.099976,1377.939941,1377.939941,56793620000
11/1/2006,1377.76001,1407.890015,1360.97998,1400.630005,1400.630005,55343930000
12/1/2006,1400.630005,1431.810059,1385.930054,1418.300049,1418.300049,47578780000
1/1/2007,1418.030029,1441.609985,1403.969971,1438.23999,1438.23999,56686200000
2/1/2007,1437.900024,1461.569946,1389.420044,1406.819946,1406.819946,51844990000
3/1/2007,1406.800049,1438.890015,1363.97998,1420.859985,1420.859985,67622250000
4/1/2007,1420.829956,1498.02002,1416.369995,1482.369995,1482.369995,57032470000
5/1/2007,1482.369995,1535.560059,1476.699951,1530.619995,1530.619995,64958050000
6/1/2007,1530.619995,1540.560059,1484.180054,1503.349976,1503.349976,65322800000
7/1/2007,1504.660034,1555.900024,1454.25,1455.27002,1455.27002,70337430000
8/1/2007,1455.180054,1503.890015,1370.599976,1473.98999,1473.98999,91381760000
9/1/2007,1473.959961,1538.73999,1439.290039,1526.75,1526.75,57809700000
10/1/2007,1527.290039,1576.089966,1489.560059,1549.380005,1549.380005,76022580000
11/1/2007,1545.790039,1545.790039,1406.099976,1481.140015,1481.140015,86246950000
12/1/2007,1479.630005,1523.569946,1435.650024,1468.359985,1468.359985,64821670000
1/1/2008,1467.969971,1471.77002,1270.050049,1378.550049,1378.550049,98475340000
2/1/2008,1378.599976,1396.02002,1316.75,1330.630005,1330.630005,78536130000
3/1/2008,1330.449951,1359.680054,1256.97998,1322.699951,1322.699951,93189170000
4/1/2008,1326.410034,1404.569946,1324.349976,1385.589966,1385.589966,85978630000
5/1/2008,1385.969971,1440.23999,1373.069946,1400.380005,1400.380005,80990480000
6/1/2008,1399.619995,1404.050049,1272,1280,1280,96614040000
7/1/2008,1276.689941,1292.170044,1200.439941,1267.380005,1267.380005,1.24981E+11
8/1/2008,1269.420044,1313.150024,1247.449951,1282.829956,1282.829956,86266010000
9/1/2008,1287.829956,1303.040039,1106.420044,1166.359985,1166.359985,1.40007E+11
10/1/2008,1164.170044,1167.030029,839.799988,968.75,968.75,1.59823E+11
11/1/2008,968.669983,1007.51001,741.02002,896.23999,896.23999,1.1566E+11
12/1/2008,888.609985,918.849976,815.690002,903.25,903.25,1.12884E+11
1/1/2009,902.98999,943.849976,804.299988,825.880005,825.880005,1.12091E+11
2/1/2009,823.090027,875.01001,734.52002,735.090027,735.090027,1.24492E+11
3/1/2009,729.570007,832.97998,666.789978,797.869995,797.869995,1.61844E+11
4/1/2009,793.590027,888.700012,783.320007,872.809998,872.809998,1.38855E+11
5/1/2009,872.73999,930.169983,866.099976,919.140015,919.140015,1.31615E+11
6/1/2009,923.26001,956.22998,888.859985,919.320007,919.320007,1.12653E+11
7/1/2009,920.820007,996.679993,869.320007,987.47998,987.47998,1.06636E+11
8/1/2009,990.219971,1039.469971,978.51001,1020.619995,1020.619995,1.16059E+11
9/1/2009,1019.52002,1080.150024,991.969971,1057.079956,1057.079956,1.12295E+11
10/1/2009,1054.910034,1101.359985,1019.950012,1036.189941,1036.189941,1.13411E+11
11/1/2009,1036.180054,1113.689941,1029.380005,1095.630005,1095.630005,84981530000
12/1/2009,1098.890015,1130.380005,1085.890015,1115.099976,1115.099976,89515330000
1/1/2010,1116.560059,1150.449951,1071.589966,1073.869995,1073.869995,90947580000
2/1/2010,1073.890015,1112.420044,1044.5,1104.48999,1104.48999,84561340000
3/1/2010,1105.359985,1180.689941,1105.359985,1169.430054,1169.430054,1.03684E+11
4/1/2010,1171.22998,1219.800049,1170.689941,1186.689941,1186.689941,1.16742E+11
5/1/2010,1188.579956,1205.130005,1040.780029,1089.410034,1089.410034,1.27663E+11
6/1/2010,1087.300049,1131.22998,1028.329956,1030.709961,1030.709961,1.10107E+11
7/1/2010,1031.099976,1120.949951,1010.909973,1101.599976,1101.599976,94778110000
8/1/2010,1107.530029,1129.23999,1039.699951,1049.329956,1049.329956,85738250000
9/1/2010,1049.719971,1157.160034,1049.719971,1141.199951,1141.199951,79589450000
10/1/2010,1143.48999,1196.140015,1131.869995,1183.26001,1183.26001,89536270000
11/1/2010,1185.709961,1227.079956,1173,1180.550049,1180.550049,87151070000
12/1/2010,1186.599976,1262.599976,1186.599976,1257.640015,1257.640015,80984530000
1/1/2011,1257.619995,1302.670044,1257.619995,1286.119995,1286.119995,92164940000
2/1/2011,1289.140015,1344.069946,1289.140015,1327.219971,1327.219971,59223660000
3/1/2011,1328.640015,1332.280029,1249.050049,1325.829956,1325.829956,89507640000
4/1/2011,1329.47998,1364.560059,1294.699951,1363.609985,1363.609985,77364810000
5/1/2011,1365.209961,1370.579956,1311.800049,1345.199951,1345.199951,81708980000
6/1/2011,1345.199951,1345.199951,1258.069946,1320.640015,1320.640015,86122730000
7/1/2011,1320.640015,1356.47998,1282.859985,1292.280029,1292.280029,81102170000
8/1/2011,1292.589966,1307.380005,1101.540039,1218.890015,1218.890015,1.08419E+11
9/1/2011,1219.119995,1229.290039,1114.219971,1131.420044,1131.420044,1.02787E+11
10/1/2011,1131.209961,1292.660034,1074.77002,1253.300049,1253.300049,98063670000
11/1/2011,1251,1277.550049,1158.660034,1246.959961,1246.959961,84275050000
12/1/2011,1246.910034,1269.369995,1202.369995,1257.599976,1257.599976,74742430000
1/1/2012,1258.859985,1333.469971,1258.859985,1312.410034,1312.410034,79567560000
2/1/2012,1312.449951,1378.040039,1312.449951,1365.680054,1365.680054,78385710000
3/1/2012,1365.900024,1419.150024,1340.030029,1408.469971,1408.469971,83899660000
4/1/2012,1408.469971,1422.380005,1357.380005,1397.910034,1397.910034,74761710000
5/1/2012,1397.859985,1415.319946,1291.97998,1310.329956,1310.329956,86920490000
6/1/2012,1309.869995,1363.459961,1266.73999,1362.160034,1362.160034,81582440000
7/1/2012,1362.329956,1391.73999,1325.410034,1379.319946,1379.319946,73103810000
8/1/2012,1379.319946,1426.680054,1354.650024,1406.579956,1406.579956,70283810000
9/1/2012,1406.540039,1474.51001,1396.560059,1440.670044,1440.670044,69784280000
10/1/2012,1440.900024,1470.959961,1403.280029,1412.160034,1412.160034,71752320000
11/1/2012,1412.199951,1434.27002,1343.349976,1416.180054,1416.180054,71489310000
12/1/2012,1416.339966,1448,1398.109985,1426.189941,1426.189941,66388180000
1/1/2013,1426.189941,1509.939941,1426.189941,1498.109985,1498.109985,75848510000
2/1/2013,1498.109985,1530.939941,1485.01001,1514.680054,1514.680054,69273480000
3/1/2013,1514.680054,1570.280029,1501.47998,1569.189941,1569.189941,68527110000
4/1/2013,1569.180054,1597.569946,1536.030029,1597.569946,1597.569946,77098000000
5/1/2013,1597.550049,1687.180054,1581.280029,1630.73999,1630.73999,76447250000
6/1/2013,1631.709961,1654.189941,1560.329956,1606.280029,1606.280029,74946790000
7/1/2013,1609.780029,1698.780029,1604.569946,1685.72998,1685.72998,68106820000
8/1/2013,1689.420044,1709.670044,1627.469971,1632.969971,1632.969971,64802810000
9/1/2013,1635.949951,1729.859985,1633.410034,1681.550049,1681.550049,66174410000
10/1/2013,1682.410034,1775.219971,1646.469971,1756.540039,1756.540039,76647400000
11/1/2013,1758.699951,1813.550049,1746.199951,1805.810059,1805.810059,63628190000
12/1/2013,1806.550049,1849.439941,1767.98999,1848.359985,1848.359985,64958820000
1/1/2014,1845.859985,1850.839966,1770.449951,1782.589966,1782.589966,75871910000
2/1/2014,1782.680054,1867.920044,1737.920044,1859.449951,1859.449951,69725590000
3/1/2014,1857.680054,1883.969971,1834.439941,1872.339966,1872.339966,71885030000
4/1/2014,1873.959961,1897.280029,1814.359985,1883.949951,1883.949951,71595810000
5/1/2014,1884.390015,1924.030029,1859.790039,1923.569946,1923.569946,63623630000
6/1/2014,1923.869995,1968.170044,1915.97998,1960.22998,1960.22998,63283380000
7/1/2014,1962.290039,1991.390015,1930.670044,1930.670044,1930.670044,66524690000
8/1/2014,1929.800049,2005.040039,1904.780029,2003.369995,2003.369995,58131140000
9/1/2014,2004.069946,2019.26001,1964.040039,1972.290039,1972.290039,66706000000
10/1/2014,1971.439941,2018.189941,1820.660034,2018.050049,2018.050049,93714040000
11/1/2014,2018.209961,2075.76001,2001.01001,2067.560059,2067.560059,63600190000
12/1/2014,2065.780029,2093.550049,1972.560059,2058.899902,2058.899902,80743820000
1/1/2015,2058.899902,2072.360107,1988.119995,1994.98999,1994.98999,77330040000
2/1/2015,1996.670044,2119.590088,1980.900024,2104.5,2104.5,68775560000
3/1/2015,2105.22998,2117.52002,2039.689941,2067.889893,2067.889893,76675850000
4/1/2015,2067.629883,2125.919922,2048.379883,2085.51001,2085.51001,72060940000
5/1/2015,2087.379883,2134.719971,2067.929932,2107.389893,2107.389893,65187730000
6/1/2015,2108.639893,2129.870117,2056.320068,2063.110107,2063.110107,73213980000
7/1/2015,2067,2132.820068,2044.02002,2103.840088,2103.840088,77920590000
8/1/2015,2104.48999,2112.659912,1867.01001,1972.180054,1972.180054,84626790000
9/1/2015,1970.089966,2020.859985,1871.910034,1920.030029,1920.030029,79989370000
10/1/2015,1919.650024,2094.320068,1893.699951,2079.360107,2079.360107,85844900000
11/1/2015,2080.76001,2116.47998,2019.390015,2080.409912,2080.409912,75943590000
12/1/2015,2082.929932,2104.27002,1993.26001,2043.939941,2043.939941,83649260000
1/1/2016,2038.199951,2038.199951,1812.290039,1940.23999,1940.23999,92409770000
2/1/2016,1936.939941,1962.959961,1810.099976,1932.22998,1932.22998,93049560000
3/1/2016,1937.089966,2072.209961,1937.089966,2059.73999,2059.73999,92639420000
4/1/2016,2056.620117,2111.050049,2033.800049,2065.300049,2065.300049,81124990000
5/1/2016,2067.169922,2103.47998,2025.910034,2096.949951,2096.949951,78883600000
6/1/2016,2093.939941,2120.550049,1991.680054,2098.860107,2098.860107,86852700000
7/1/2016,2099.340088,2177.090088,2074.02002,2173.600098,2173.600098,69530250000
8/1/2016,2173.149902,2193.810059,2147.580078,2170.949951,2170.949951,75610310000
9/1/2016,2171.330078,2187.870117,2119.120117,2168.27002,2168.27002,77270240000
10/1/2016,2164.330078,2169.600098,2114.719971,2126.149902,2126.149902,73196630000
11/1/2016,2128.679932,2214.100098,2083.790039,2198.810059,2198.810059,88299760000
12/1/2016,2200.169922,2277.530029,2187.439941,2238.830078,2238.830078,75251240000
1/1/2017,2251.570068,2300.98999,2245.129883,2278.870117,2278.870117,70483180000
2/1/2017,2285.590088,2371.540039,2271.649902,2363.639893,2363.639893,69162420000
3/1/2017,2380.129883,2400.97998,2322.25,2362.719971,2362.719971,81547770000
4/1/2017,2362.340088,2398.159912,2328.949951,2384.199951,2384.199951,65265670000
5/1/2017,2388.5,2418.709961,2352.719971,2411.800049,2411.800049,79607170000
6/1/2017,2415.649902,2453.820068,2405.699951,2423.409912,2423.409912,81002490000
7/1/2017,2431.389893,2484.040039,2407.699951,2470.300049,2470.300049,63169400000
8/1/2017,2477.100098,2490.870117,2417.350098,2471.649902,2471.649902,70616030000
9/1/2017,2474.419922,2519.439941,2446.550049,2519.360107,2519.360107,66337980000
10/1/2017,2521.199951,2582.97998,2520.399902,2575.26001,2575.26001,70871570000
11/1/2017,2583.209961,2657.73999,2557.449951,2584.840088,2584.840088,95142800000
12/1/2017,2645.100098,2694.969971,2605.52002,2673.610107,2673.610107,65251190000
1/1/2018,2683.72998,2872.870117,2682.360107,2823.810059,2823.810059,76860120000
2/1/2018,2816.449951,2835.959961,2532.689941,2713.830078,2713.830078,79579410000
3/1/2018,2715.219971,2801.899902,2585.889893,2640.870117,2640.870117,76369800000
4/1/2018,2633.449951,2717.48999,2553.800049,2648.050049,2648.050049,69648590000
5/1/2018,2642.959961,2742.23999,2594.620117,2705.27002,2705.27002,75617280000
6/1/2018,2718.699951,2791.469971,2691.98999,2718.370117,2718.370117,77439710000
7/1/2018,2704.949951,2848.030029,2698.949951,2816.290039,2816.290039,64542170000
8/1/2018,2821.169922,2916.5,2796.340088,2901.52002,2901.52002,69238220000
9/1/2018,2896.959961,2940.909912,2864.120117,2913.97998,2913.97998,62492080000
10/1/2018,2926.290039,2939.860107,2603.540039,2711.73999,2711.73999,91327930000
11/1/2018,2717.580078,2815.149902,2631.090088,2760.169922,2760.169922,80080110000
12/1/2018,2790.5,2800.179932,2346.580078,2506.850098,2506.850098,83522570000
1/1/2019,2476.959961,2708.949951,2443.959961,2704.100098,2704.100098,80401630000
2/1/2019,2702.320068,2813.48999,2681.830078,2784.48999,2784.48999,70183430000
3/1/2019,2798.219971,2860.310059,2722.27002,2834.399902,2834.399902,78596280000
4/1/2019,2848.629883,2949.52002,2848.629883,2945.830078,2945.830078,69604840000
5/1/2019,2952.330078,2954.129883,2750.52002,2752.060059,2752.060059,76860120000
6/1/2019,2751.530029,2964.149902,2728.810059,2941.76001,2941.76001,70881390000
7/1/2019,2971.409912,3027.97998,2952.219971,2980.379883,2980.379883,70349470000
8/1/2019,2980.320068,3013.590088,2822.120117,2926.459961,2926.459961,79599440000
9/1/2019,2909.01001,3021.98999,2891.850098,2976.73999,2976.73999,73992330000
10/1/2019,2983.689941,3050.100098,2855.939941,3037.560059,3037.560059,77564550000
11/1/2019,3050.719971,3154.26001,3050.719971,3140.97998,3140.97998,72179920000
12/1/2019,3143.850098,3247.929932,3070.330078,3230.780029,3230.780029,72054000000
1/1/2020,3244.669922,3337.77002,3214.639893,3225.52002,3225.52002,77104420000
2/1/2020,3235.659912,3393.52002,2855.840088,2954.219971,2954.219971,84292270000
3/1/2020,2974.280029,3136.719971,2191.860107,2584.590088,2584.590088,1.61801E+11
4/1/2020,2498.080078,2522.75,2447.48999,2470.5,2470.5,3666502398
